"","Brand_Description","Price","Review_Count","Rating"
"1"," HAPPRUN Projector, Native 1080P Bluetooth Projector with 100''Screen, 9500L Portable Outdoor Movie Projector Compatible with Smartphone, HDMI,USB,AV,Fire Stick, PS5  4.4 out of 5 stars 5,122  8K+ bought in past month$99.99$99.99 List: $119.99$119.99Join Prime to buy this item at $79.99 FREE delivery Sat, Jan 27 Or fastest delivery Fri, Jan 26 More Buying Choices$72.95(19 used & new offers)","99.","5,122","4.4 out of 5 stars"
"2"," Mini Projector for iPhone, ELEPHAS 2023 Upgraded 1080P HD Projector, 8000L Portable Projector with Tripod and Carry Bag, Movie Projector Compatible with Android/iOS/Windows/TV Stick/HDMI/USB  4.3 out of 5 stars 5,114  5K+ bought in past month$99.99$99.99 List: $159.98$159.9830% coupon applied at checkoutSave 30%  with coupon  FREE delivery Mon, Jan 29 Climate Pledge Friendly  Climate Pledge FriendlyProducts with trusted sustainability certification(s). Learn more Product Certification (1) Climate neutral by ClimatePartnerMore Buying Choices$64.16(15 used & new offers)","99.","5,114","4.3 out of 5 stars"
"3"," Projector, Native 1080P Full HD Bluetooth Projector with Speaker, 9500 Lumens Outdoor Portable Movie Mini Projector Compatible with Laptop, Smartphone, TV Stick, Xbox, PS5  4.3 out of 5 stars 8,305  5K+ bought in past monthLimited time deal   $64.79$64.79 Typical: $71.99$71.9910% coupon applied at checkoutSave 10%  with coupon  FREE delivery Sat, Jan 27 Or fastest delivery Fri, Jan 26 More Buying Choices$64.14(12 used & new offers)","64.","8,305","4.3 out of 5 stars"
"4"," TMY Mini Projector, Upgraded 9500 Lumens Bluetooth Projector with 100"" Screen, 1080P Full HD Portable Projector, Movie Projector Compatible with TV Stick Smartphone/HDMI/USB/AV, indoor & outdoor use  4.3 out of 5 stars 14,819  4K+ bought in past monthLimited time deal   $65.57$65.57 List: $99.99$99.9920% coupon applied at checkoutSave 20%  with coupon  FREE delivery Sat, Jan 27 Or fastest delivery Fri, Jan 26 More Buying Choices$62.95(10 used & new offers)","65.","14,819","4.3 out of 5 stars"
"5"," Mini Projector, VISSPL Full HD 1080P Video Projector, Portable Outdoor Projector with Tripod, Kids Gift, Home Theater Movie Phone Projector Compatible with Android/iOS/Windows/TV Stick/HDMI/USB  4.5 out of 5 stars 700  3K+ bought in past monthLimited time deal   $49.99$49.99 List: $99.99$99.99 FREE delivery Sat, Jan 27 Or fastest delivery Fri, Jan 26 ","49.","700","4.5 out of 5 stars"
"6"," AuKing Projector, 2024 Upgraded Mini Projector, Full HD 1080P Home Theater Video Projector, Compatible with HDMI/USB/VGA/AV/Smartphone/TV Box/Laptop  4.3 out of 5 stars 12,788  2K+ bought in past month$89.99$89.99 List: $99.99$99.9920% coupon applied at checkoutSave 20%  with coupon  FREE delivery Sat, Jan 27 Or fastest delivery Fri, Jan 26 More Buying Choices$53.01(8 used & new offers)","89.","12,788","4.3 out of 5 stars"
"7"," GooDee Projector 4K With WiFi And Bluetooth Supported, FHD 1080P Mini Projector For Outdoor Moives, 5G Video Projector For Home Theater Dolby Audio Zoom Portable Projector TV Stick PPT (YG600 Plus)  4.4 out of 5 stars 1,290  1K+ bought in past monthLimited time deal   $169.98$169.98 List: $339.99$339.99$30.00 coupon applied at checkoutSave $30.00  with coupon  FREE delivery Sat, Jan 27 Or fastest delivery Fri, Jan 26 Climate Pledge Friendly  Climate Pledge FriendlyProducts with trusted sustainability certification(s). Learn more Product Certification (1) Climate neutral by ClimatePartnerMore Buying Choices$163.18(8 used & new offers)Price may vary by color","169.","1,290","4.4 out of 5 stars"
"8"," NexiGo PJ40 Projector with WiFi and Bluetooth, Native 1080P, 4K Supported, Projector for Outdoor Movies, 300 Inch, Zoomable, 20W Speakers, Home Theater, Compatible w/TV Stick, iOS, Android (Black)  4.3 out of 5 stars 816  1K+ bought in past month$319.99$319.99 List: $349.99$349.99$30.00 coupon applied at checkoutSave $30.00  with coupon  FREE delivery Sat, Jan 27 Or fastest delivery Fri, Jan 26 More Buying Choices$219.99(7 used & new offers)","319.","816","4.3 out of 5 stars"
"9"," Groview Projector, 1080P Bluetooth Mini Projector with 100” Projector Screen, 9500 LUX Portable Outdoor Movie Projector for Phone, Compatible with VGA/HDMI/USB/SD/Laptop/Fire Stick/PS5  4.3 out of 5 stars 1,922  2K+ bought in past monthLimited time deal   $59.98$59.98 Typical: $89.99$89.99 FREE delivery Sat, Jan 27 Or fastest delivery Fri, Jan 26 More Buying Choices$56.61(7 used & new offers)","59.","1,922","4.3 out of 5 stars"
"10"," Mini Projector, VOPLLS 1080P Full HD Supported Video Projector, Portable Outdoor Home Theater Movie Projector, 50% Zoom, Compatible with HDMI, USB, AV, Smartphone/Tablet/Laptop/PC/TV Box  4.3 out of 5 stars 1,747  2K+ bought in past monthLimited time deal   $49.99$49.99 List: $89.99$89.99 FREE delivery Sat, Jan 27 Or fastest delivery Fri, Jan 26 More Buying Choices$47.99(9 used & new offers)","49.","1,747","4.3 out of 5 stars"
"11"," Native 1080P Projector,9800 L Projector for Outdoor Movies with 450"" Display, Support 4K Dolby & Zoom,100000 Hours Life Indoor and Outdoor Projector Compatible with TV Stick,HDMI,VGA USB  $899.99$899.9941% coupon applied at checkoutSave 41%  with coupon  FREE delivery Sat, Jan 27 Or fastest delivery Fri, Jan 26 Only 12 left in stock - order soon.","899.","Save 41%",""
"12"," Updated Mini Projector with Bluetooth and Projector Screen, 9500Lumens Full HD 1080P Portable Video Projector, Home Theater Movie Projector Compatible with HDMI,USB,AV,Laptop,Smartphone  4.3 out of 5 stars 6,803  2K+ bought in past month$79.99$79.99 List: $99.99$99.9925% coupon applied at checkoutSave 25%  with coupon  FREE delivery Sat, Jan 27 Or fastest delivery Fri, Jan 26 More Buying Choices$62.37(9 used & new offers)","79.","6,803","4.3 out of 5 stars"
"13"," [270°Adjustable Stand] Mini projector with WiFi and Bluetooth, Outdoor Portable Movie Projector 1080P Support, Auto Keystone Home Projector for Phone/TV Stick/Laptop, WiMiUS Latest S27  4.6 out of 5 stars 248  1K+ bought in past month$129.99$129.99 List: $199.99$199.99$50.00 coupon applied at checkoutSave $50.00  with coupon FREE deliveryMore Buying Choices$112.31(4 used & new offers)Also available in Gray","129.","248","4.6 out of 5 stars"
"14"," Mini Projector, CLOKOWE 2023 Upgraded Portable Projector with 9000 Lux and Full HD 1080P, Movie Projector Compatible with iOS/Android Phone/Tablet/Laptop/PC/TV Stick/Box/USB Drive/DVD/Game Console  4.4 out of 5 stars 2,822  1K+ bought in past month$69.99$69.99 List: $99.99$99.9940% coupon applied at checkoutSave 40%  with coupon  FREE delivery Sat, Jan 27 Or fastest delivery Fri, Jan 26 More Buying Choices$47.97(10 used & new offers)","69.","2,822","4.4 out of 5 stars"
"15"," Mini Projector, Magcubic HY300 Auto Keystone Correction Portable Projector, 4K/ 200 ANSI Smart Projector with 2.4/5G WiFi, BT 5.0, 130 Inch Screen, 180 Degree Flip, Round Design, Home Video Projector  3.3 out of 5 stars 1,119  1K+ bought in past month$79.99$79.99$10.00 coupon applied at checkoutSave $10.00  with coupon  FREE delivery Wed, Jan 31 More Buying Choices$67.31(5 used & new offers)","79.","1,119","3.3 out of 5 stars"
"16"," Outdoor Projector, Mini Projector for Home Theater, 1080P and 240"" Supported Movie Projector 7500 L Portable Home Video Projector Compatible with Smartphone/TV Stick/PS4/PC/Laptop  4.3 out of 5 stars 2,992  1K+ bought in past month$69.99$69.99 List: $99.99$99.99Join Prime to buy this item at $49.99 FREE delivery Mon, Jan 29 More Buying Choices$49.47(6 used & new offers)","69.","2,992","4.3 out of 5 stars"
"17"," Projector with WiFi and Bluetooth, 2023 Upgrade 9500L Outdoor Projector, Mini Movie Projector Supports 1080P Synchronize Smartphone Screen by WiFi/USB Cable for Home Entertainment  4.4 out of 5 stars 3,248  1K+ bought in past monthLimited time deal   $69.99$69.99 List: $99.99$99.9935% coupon applied at checkoutSave 35%  with coupon  FREE delivery Mon, Jan 29 Or fastest delivery Fri, Jan 26 More Buying Choices$67.19(9 used & new offers)","69.","3,248","4.4 out of 5 stars"
"18"," WiFi Projector for iPhone, ELEPHAS 2023 Upgraded Mini Projector with Tripod & Carry Bag, Full HD 1080P Supported, 200"" Display Portable Projector, Compatible with iOS/Android/Windows/TV Stick/HDMI/USB  4.3 out of 5 stars 2,847  1K+ bought in past month$109.99$109.9930% coupon applied at checkoutSave 30%  with coupon  FREE delivery Sat, Jan 27 Or fastest delivery Fri, Jan 26 More Buying Choices$75.18(7 used & new offers)","109.","2,847","4.3 out of 5 stars"
"19"," Mini Projector with WiFi and Bluetooth, 1080P Supported iPhone Projector with Projector Stand, Portable Movie Projector for Home Theater/Outdoor, Compatible with iOS/Android/Laptop/TV Stick/HDMI/PS5  4.1 out of 5 stars 2,640  1K+ bought in past month$55.99$55.99 List: $69.99$69.9915% coupon applied at checkoutSave 15%  with coupon  FREE delivery Mon, Jan 29 More Buying Choices$48.95(3 used & new offers)","55.","2,640","4.1 out of 5 stars"
"20"," KODAK Luma 150 Ultra Mini Pocket Pico Projector - Built in Rechargeable Battery & Speaker, 1080P Support Portable Wireless LED DLP Movie & Video Travel Projector, connects to iPhone and Android  4.2 out of 5 stars 2,770  500+ bought in past month$219.99$219.99 List: $249.99$249.99FREE delivery Thu, Jan 25 Or fastest delivery Wed, Jan 24 More Buying Choices$208.05(6 used & new offers)","219.","2,770","4.2 out of 5 stars"
"21"," 4K Support Projector with Wifi and Bluetooth, OWNKNEW Portable Mini Projectors for Outdoor Movies Use, Video Projector Compatible with TV Stick, Laptop, Smartphone, Xbox, PS5  4.7 out of 5 stars 232  1K+ bought in past month$139.99$139.99 Typical: $199.99$199.9950% coupon applied at checkoutSave 50%  with coupon  FREE delivery Sat, Jan 27 Or fastest delivery Fri, Jan 26 More Buying Choices$110.59(3 used & new offers)","139.","232","4.7 out of 5 stars"
"22"," [Electric Focus] Mini Projector with 5GWiFi and Bluetooth, WIMIUS 1080P Outdoor Projector, Portable Movie Projector, 300"" Screen, Compatible with iOS/Android/TV Stick/HDMI/PS5  4.4 out of 5 stars 1,725  1K+ bought in past month$129.99$129.99 List: $199.99$199.99$50.00 coupon applied at checkoutSave $50.00  with coupon  FREE delivery Tue, Jan 30 More Buying Choices$122.87(7 used & new offers)","129.","1,725","4.4 out of 5 stars"
"23"," 5G WiFi Bluetooth Projector, TOPTRO TR23 Outdoor Projector 1080P Supported 15000 Lumen, Mini Projector with 360 Degree Surround Sound, Dust-Proof, Projector Compatible with TV Stick, iOS, Android, PS5  4.5 out of 5 stars 1,157  500+ bought in past month$159.99$159.99$70.00 coupon applied at checkoutSave $70.00  with coupon FREE deliveryOnly 1 left in stock - order soon.More Buying Choices$102.36(4 used & new offers)","159.","1,157","4.5 out of 5 stars"
"24"," [360°Adjustable Stand] Mini Projector With WiFi And Bluetooth VB6, Sovboi Electric Focus Mini Portable Projector, 1080P Mini Bluetooth Ceiling Projector, Home Theater Projector, 2024 Upgraded Model  4.8 out of 5 stars 79  900+ bought in past month$129.99$129.99 Typical: $199.99$199.99$40.00 coupon applied at checkoutSave $40.00  with coupon  FREE delivery Sat, Jan 27 Or fastest delivery Fri, Jan 26 More Buying Choices$128.69(13 used & new offers)","129.","79","4.8 out of 5 stars"
